<?xml version="1.0" encoding="utf-8" ?>
<dwsync>
<file name="aref.woff" server="C:/xampp/htdocs/" local="131202182847605931" remote="131202182840000000" Dst="1" />
<file name="bnazanin.woff" server="C:/xampp/htdocs/" local="131202182871218369" remote="131202182870000000" Dst="1" />
<file name="iransans.ttf" server="C:/xampp/htdocs/" local="131202349902487998" remote="131202349900000000" Dst="1" />
<file name="segoewp-light.woff" server="C:/xampp/htdocs/" local="131202182871363874" remote="131202182870000000" Dst="1" />
<file name="aref.woff" server="ftp.mr-app.ir" local="131202182847605931" remote="131267697600000000" Dst="0" />
<file name="segoewp-light.woff" server="ftp.mr-app.ir" local="131202182871363874" remote="131267697600000000" Dst="0" />
<file name="bnazanin.woff" server="ftp.mr-app.ir" local="131202182871218369" remote="131267697600000000" Dst="0" />
<file name="iransans.ttf" server="ftp.mr-app.ir" local="131202349902487998" remote="131267697600000000" Dst="0" />
</dwsync>